100,admin,127.0.0.1,内网IP,Firefox 13,Ubuntu,0,登录成功,2025-06-16 17:46:31
101,admin,127.0.0.1,内网IP,Firefox 13,Ubuntu,0,登录成功,2025-06-16 18:43:37
102,admin,127.0.0.1,内网IP,Chrome 13,Linux,1,验证码错误,2025-06-16 18:47:55
103,admin,127.0.0.1,内网IP,Chrome 13,Linux,0,登录成功,2025-06-16 18:47:59
104,admin,127.0.0.1,内网IP,Chrome 13,Linux,0,登录成功,2025-06-17 08:57:59
105,admin,127.0.0.1,内网IP,Chrome 13,Linux,0,登录成功,2025-06-17 12:43:27
106,admin,127.0.0.1,内网IP,Chrome 13,Linux,0,登录成功,2025-06-17 13:39:03
107,admin,127.0.0.1,内网IP,Chrome 13,Linux,0,登录成功,2025-06-17 14:46:49
108,admin,127.0.0.1,内网IP,Chrome 13,Linux,0,退出成功,2025-06-17 14:53:40
109,admin,127.0.0.1,内网IP,Chrome 13,Linux,0,登录成功,2025-06-17 14:58:15
110,admin,127.0.0.1,内网IP,Chrome 13,Linux,0,登录成功,2025-06-17 15:51:16
111,admin,127.0.0.1,内网IP,Chrome 13,Linux,0,登录成功,2025-06-18 09:22:35
112,admin,127.0.0.1,内网IP,Chrome 13,Linux,0,登录成功,2025-06-18 12:14:18
113,admin,127.0.0.1,内网IP,Chrome 13,Linux,0,登录成功,2025-06-18 13:26:53
114,admin,127.0.0.1,内网IP,Chrome 13,Linux,0,登录成功,2025-06-19 09:04:39
115,admin,127.0.0.1,内网IP,Chrome 13,Linux,0,登录成功,2025-06-19 09:35:03
116,admin,127.0.0.1,内网IP,Chrome 13,Linux,0,登录成功,2025-06-19 10:18:40
117,admin,127.0.0.1,内网IP,Chrome 13,Linux,0,登录成功,2025-06-19 14:10:54
118,admin,127.0.0.1,内网IP,Chrome 13,Linux,0,登录成功,2025-06-19 14:20:27
119,admin,127.0.0.1,内网IP,Chrome 13,Windows 10,0,登录成功,2025-06-19 14:24:32
120,admin,127.0.0.1,内网IP,Chrome 13,Windows 10,0,登录成功,2025-06-19 15:09:45
121,admin,127.0.0.1,内网IP,Chrome 13,Linux,0,登录成功,2025-06-19 16:55:54
122,admin,127.0.0.1,内网IP,Chrome 13,Windows 10,0,登录成功,2025-06-19 17:13:24
123,admin,127.0.0.1,内网IP,Chrome 13,Linux,0,登录成功,2025-06-19 17:46:44
124,admin,127.0.0.1,内网IP,Chrome 13,Windows 10,0,登录成功,2025-06-19 17:54:52
125,admin,127.0.0.1,内网IP,Chrome 13,Linux,0,登录成功,2025-06-21 02:12:16
126,admin,127.0.0.1,内网IP,Chrome 13,Linux,0,登录成功,2025-06-21 05:02:32
127,admin,127.0.0.1,内网IP,Chrome 13,Linux,0,登录成功,2025-06-21 11:13:27
128,admin,127.0.0.1,内网IP,Chrome 13,Linux,0,登录成功,2025-06-23 01:22:36
129,admin,127.0.0.1,内网IP,Chrome 13,Linux,0,退出成功,2025-06-23 01:36:13
130,admin,127.0.0.1,内网IP,Chrome 13,Linux,0,登录成功,2025-06-23 01:36:17
131,admin,127.0.0.1,内网IP,Chrome 13,Linux,0,退出成功,2025-06-23 01:41:24
132,admin,127.0.0.1,内网IP,Chrome 13,Linux,0,登录成功,2025-06-23 01:41:28
133,admin,127.0.0.1,内网IP,Chrome 13,Linux,0,退出成功,2025-06-23 01:45:39
134,admin,127.0.0.1,内网IP,Chrome 13,Linux,0,登录成功,2025-06-23 01:45:42
135,admin,127.0.0.1,内网IP,Chrome 13,Linux,0,退出成功,2025-06-23 01:53:24
136,admin,127.0.0.1,内网IP,Chrome 13,Linux,0,登录成功,2025-06-23 01:53:28
137,admin,127.0.0.1,内网IP,Chrome 13,Linux,0,登录成功,2025-06-23 02:41:38
138,admin,127.0.0.1,内网IP,Chrome 13,Linux,0,退出成功,2025-06-23 02:45:54
139,admin,127.0.0.1,内网IP,Chrome 13,Linux,0,登录成功,2025-06-23 02:45:57
140,admin,127.0.0.1,内网IP,Chrome 13,Linux,1,验证码错误,2025-06-23 02:49:19
141,admin,127.0.0.1,内网IP,Chrome 13,Linux,0,登录成功,2025-06-23 02:49:25
142,admin,127.0.0.1,内网IP,Chrome 13,Linux,0,退出成功,2025-06-23 03:10:19
143,admin,127.0.0.1,内网IP,Chrome 13,Linux,0,登录成功,2025-06-23 03:10:23
144,admin,127.0.0.1,内网IP,Chrome 13,Linux,0,退出成功,2025-06-23 03:19:34
145,admin,127.0.0.1,内网IP,Chrome 13,Linux,0,登录成功,2025-06-23 03:19:37
146,admin,127.0.0.1,内网IP,Chrome 13,Linux,0,退出成功,2025-06-23 03:28:17
147,admin,127.0.0.1,内网IP,Chrome 13,Linux,0,登录成功,2025-06-23 03:28:21
148,admin,127.0.0.1,内网IP,Chrome 13,Linux,0,登录成功,2025-06-23 04:25:46
149,admin,127.0.0.1,内网IP,Chrome 13,Linux,0,登录成功,2025-06-23 05:14:49
150,admin,127.0.0.1,内网IP,Chrome 13,Linux,0,退出成功,2025-06-23 05:33:45
151,admin,127.0.0.1,内网IP,Chrome 13,Linux,0,登录成功,2025-06-23 05:33:48
152,admin,127.0.0.1,内网IP,Chrome 13,Linux,0,退出成功,2025-06-23 05:44:27
153,admin,127.0.0.1,内网IP,Chrome 13,Linux,0,登录成功,2025-06-23 05:44:30
154,admin,127.0.0.1,内网IP,Chrome 13,Linux,0,登录成功,2025-06-23 05:48:46
155,admin,127.0.0.1,内网IP,Chrome 13,Linux,0,退出成功,2025-06-23 05:59:41
156,admin,127.0.0.1,内网IP,Chrome 13,Linux,0,登录成功,2025-06-23 05:59:44
157,admin,127.0.0.1,内网IP,Chrome 13,Linux,0,退出成功,2025-06-23 06:28:35
158,admin,127.0.0.1,内网IP,Chrome 13,Linux,1,验证码错误,2025-06-23 06:28:39
159,admin,127.0.0.1,内网IP,Chrome 13,Linux,0,登录成功,2025-06-23 06:28:44
160,admin,127.0.0.1,内网IP,Chrome 13,Linux,0,退出成功,2025-06-23 06:34:39
161,admin,127.0.0.1,内网IP,Chrome 13,Linux,0,登录成功,2025-06-23 06:34:42
162,admin,127.0.0.1,内网IP,Chrome 13,Linux,0,退出成功,2025-06-23 06:40:00
163,admin,127.0.0.1,内网IP,Chrome 13,Linux,0,登录成功,2025-06-23 06:40:03
164,admin,127.0.0.1,内网IP,Chrome 13,Linux,0,登录成功,2025-06-23 06:53:59
165,admin,127.0.0.1,内网IP,Chrome 13,Linux,0,退出成功,2025-06-23 06:57:21
166,admin,127.0.0.1,内网IP,Chrome 13,Linux,0,登录成功,2025-06-23 06:57:25
167,admin,127.0.0.1,内网IP,Chrome 13,Linux,0,登录成功,2025-06-23 08:02:22
168,admin,127.0.0.1,内网IP,Chrome 13,Linux,0,登录成功,2025-06-23 08:22:50
169,admin,127.0.0.1,内网IP,Chrome 13,Linux,0,退出成功,2025-06-23 08:36:02
170,admin,127.0.0.1,内网IP,Chrome 13,Linux,0,登录成功,2025-06-23 08:36:06
171,admin,127.0.0.1,内网IP,Chrome 13,Linux,0,登录成功,2025-06-23 08:42:46
172,admin,127.0.0.1,内网IP,Chrome 13,Linux,0,登录成功,2025-06-23 08:55:16
173,admin,127.0.0.1,内网IP,Chrome 13,Linux,0,退出成功,2025-06-23 09:09:17
174,admin,127.0.0.1,内网IP,Chrome 13,Linux,0,登录成功,2025-06-23 09:09:40
175,admin,127.0.0.1,内网IP,Chrome 13,Linux,0,退出成功,2025-06-23 09:15:06
176,admin,127.0.0.1,内网IP,Chrome 13,Linux,0,登录成功,2025-06-23 09:15:10
177,admin,127.0.0.1,内网IP,Chrome 13,Linux,0,退出成功,2025-06-23 09:18:40
178,admin,127.0.0.1,内网IP,Chrome 13,Linux,0,登录成功,2025-06-23 09:18:43
179,admin,127.0.0.1,内网IP,Chrome 13,Linux,0,登录成功,2025-06-23 10:21:12
180,admin,127.0.0.1,内网IP,Chrome 13,Linux,0,退出成功,2025-06-23 10:29:21
181,admin,127.0.0.1,内网IP,Chrome 13,Linux,0,登录成功,2025-06-23 10:29:25
182,admin,127.0.0.1,内网IP,Chrome 13,Linux,0,退出成功,2025-06-23 10:35:04
183,admin,127.0.0.1,内网IP,Chrome 13,Linux,0,登录成功,2025-06-23 10:35:07
184,admin,127.0.0.1,内网IP,Chrome 13,Linux,0,退出成功,2025-06-23 10:39:35
185,admin,127.0.0.1,内网IP,Chrome 13,Linux,1,验证码错误,2025-06-23 10:39:38
186,admin,127.0.0.1,内网IP,Chrome 13,Linux,0,登录成功,2025-06-23 10:39:41
187,admin,127.0.0.1,内网IP,Chrome 13,Linux,0,登录成功,2025-06-23 10:59:41
188,admin,127.0.0.1,内网IP,Chrome 13,Linux,0,登录成功,2025-06-23 11:15:39
189,admin,127.0.0.1,内网IP,Chrome 13,Linux,0,退出成功,2025-06-23 11:29:56
190,admin,127.0.0.1,内网IP,Chrome 13,Linux,0,登录成功,2025-06-23 11:30:00
191,admin,127.0.0.1,内网IP,Chrome 13,Linux,0,退出成功,2025-06-23 11:32:40
192,admin,127.0.0.1,内网IP,Chrome 13,Linux,0,登录成功,2025-06-23 11:32:43
193,admin,127.0.0.1,内网IP,Chrome 13,Linux,0,退出成功,2025-06-23 11:45:11
194,admin,127.0.0.1,内网IP,Chrome 13,Linux,0,登录成功,2025-06-23 11:45:15
195,admin,127.0.0.1,内网IP,Chrome 13,Linux,0,登录成功,2025-06-23 11:48:24
196,admin,127.0.0.1,内网IP,Chrome 13,Linux,0,退出成功,2025-06-23 11:56:46
197,admin,127.0.0.1,内网IP,Chrome 13,Linux,0,登录成功,2025-06-23 11:56:49
198,admin,127.0.0.1,内网IP,Chrome 13,Linux,0,退出成功,2025-06-23 12:00:27
199,admin,127.0.0.1,内网IP,Chrome 13,Linux,0,登录成功,2025-06-23 12:00:58
200,admin,127.0.0.1,内网IP,Chrome 13,Linux,0,退出成功,2025-06-23 12:11:49
201,admin,127.0.0.1,内网IP,Chrome 13,Linux,0,登录成功,2025-06-23 12:11:53
202,admin,127.0.0.1,内网IP,Chrome 13,Linux,0,退出成功,2025-06-23 12:16:50
203,admin,127.0.0.1,内网IP,Chrome 13,Linux,0,登录成功,2025-06-23 12:16:54
204,admin,127.0.0.1,内网IP,Chrome 13,Linux,0,退出成功,2025-06-23 12:20:04
205,admin,127.0.0.1,内网IP,Chrome 13,Linux,0,登录成功,2025-06-23 12:20:08
206,admin,127.0.0.1,内网IP,Chrome 13,Linux,0,退出成功,2025-06-23 12:27:00
207,admin,127.0.0.1,内网IP,Chrome 13,Linux,0,登录成功,2025-06-23 12:27:04
208,admin,127.0.0.1,内网IP,Chrome 13,Linux,0,登录成功,2025-06-24 02:07:38
209,admin,127.0.0.1,内网IP,Chrome 13,Linux,0,登录成功,2025-06-24 02:42:44
210,admin,127.0.0.1,内网IP,Chrome 13,Linux,0,登录成功,2025-06-24 02:55:34
211,admin,127.0.0.1,内网IP,Chrome 13,Linux,0,退出成功,2025-06-24 03:03:20
212,admin,127.0.0.1,内网IP,Chrome 13,Linux,0,登录成功,2025-06-24 03:03:24
213,admin,127.0.0.1,内网IP,Chrome 13,Linux,0,退出成功,2025-06-24 03:09:48
214,admin,127.0.0.1,内网IP,Chrome 13,Linux,0,登录成功,2025-06-24 03:09:52
215,admin,127.0.0.1,内网IP,Chrome 13,Linux,0,登录成功,2025-06-24 05:39:13
216,admin,127.0.0.1,内网IP,Chrome 13,Linux,0,退出成功,2025-06-24 05:46:51
217,admin,127.0.0.1,内网IP,Chrome 13,Linux,0,登录成功,2025-06-24 05:46:58
218,admin,127.0.0.1,内网IP,Chrome 13,Linux,0,退出成功,2025-06-24 05:50:04
219,admin,127.0.0.1,内网IP,Chrome 13,Linux,0,登录成功,2025-06-24 05:50:28
220,admin,127.0.0.1,内网IP,Chrome 13,Linux,0,退出成功,2025-06-24 06:18:47
221,admin,127.0.0.1,内网IP,Chrome 13,Linux,0,登录成功,2025-06-24 06:18:52
222,admin,127.0.0.1,内网IP,Chrome 13,Linux,0,退出成功,2025-06-24 06:25:47
223,admin,127.0.0.1,内网IP,Chrome 13,Linux,0,登录成功,2025-06-24 06:25:51
224,admin,127.0.0.1,内网IP,Chrome 13,Linux,0,登录成功,2025-06-24 06:48:02
225,admin,127.0.0.1,内网IP,Chrome 13,Linux,0,退出成功,2025-06-24 06:53:51
226,admin,127.0.0.1,内网IP,Chrome 13,Linux,0,登录成功,2025-06-24 06:53:56
227,admin,127.0.0.1,内网IP,Chrome 13,Linux,0,登录成功,2025-06-24 08:44:55
228,admin,127.0.0.1,内网IP,Chrome 13,Linux,0,退出成功,2025-06-24 08:49:59
229,admin,127.0.0.1,内网IP,Chrome 13,Linux,0,登录成功,2025-06-24 08:54:04
230,admin,127.0.0.1,内网IP,Chrome 13,Linux,0,退出成功,2025-06-24 09:04:06
231,admin,127.0.0.1,内网IP,Chrome 13,Linux,0,登录成功,2025-06-24 09:04:10
232,admin,127.0.0.1,内网IP,Chrome 13,Linux,0,退出成功,2025-06-24 09:11:01
233,admin,127.0.0.1,内网IP,Chrome 13,Linux,0,登录成功,2025-06-24 09:11:36
234,admin,127.0.0.1,内网IP,Chrome 13,Linux,0,登录成功,2025-06-24 11:41:34
235,admin,127.0.0.1,内网IP,Chrome 13,Linux,0,登录成功,2025-06-24 12:30:40
236,admin,127.0.0.1,内网IP,Chrome 13,Linux,0,退出成功,2025-06-24 12:40:49
237,admin,127.0.0.1,内网IP,Chrome 13,Linux,0,登录成功,2025-06-24 12:40:52
238,admin,127.0.0.1,内网IP,Chrome 13,Linux,0,退出成功,2025-06-24 13:06:46
239,admin,127.0.0.1,内网IP,Chrome 13,Linux,0,登录成功,2025-06-24 13:06:51
240,admin,127.0.0.1,内网IP,Chrome 13,Linux,0,登录成功,2025-06-25 01:10:00
241,admin,127.0.0.1,内网IP,Chrome 13,Linux,0,登录成功,2025-06-25 01:18:07
242,admin,127.0.0.1,内网IP,Chrome 13,Linux,0,登录成功,2025-06-25 01:22:58
243,admin,127.0.0.1,内网IP,Chrome 13,Linux,0,登录成功,2025-06-25 02:22:16
244,admin,127.0.0.1,内网IP,Chrome 13,Linux,0,退出成功,2025-06-25 02:28:07
245,admin,127.0.0.1,内网IP,Chrome 13,Linux,0,登录成功,2025-06-25 02:28:12
246,admin,127.0.0.1,内网IP,Chrome 13,Linux,0,登录成功,2025-06-25 03:16:40
247,admin,127.0.0.1,内网IP,Chrome 13,Linux,0,登录成功,2025-06-25 06:06:35
248,admin,127.0.0.1,内网IP,Chrome 13,Linux,0,登录成功,2025-06-25 07:44:41
249,admin,127.0.0.1,内网IP,Chrome 13,Linux,0,退出成功,2025-06-25 07:49:08
250,admin,127.0.0.1,内网IP,Chrome 13,Linux,0,登录成功,2025-06-25 07:49:11
251,admin,127.0.0.1,内网IP,Chrome 13,Linux,0,登录成功,2025-06-25 08:14:31
252,admin,127.0.0.1,内网IP,Chrome 13,Linux,0,退出成功,2025-06-25 08:18:36
253,admin,127.0.0.1,内网IP,Chrome 13,Linux,0,登录成功,2025-06-25 08:18:40
254,admin,127.0.0.1,内网IP,Chrome 13,Linux,0,退出成功,2025-06-25 08:21:12
255,admin,127.0.0.1,内网IP,Chrome 13,Linux,0,登录成功,2025-06-25 08:21:16
256,admin,127.0.0.1,内网IP,Chrome 13,Linux,0,退出成功,2025-06-25 08:24:14
257,admin,127.0.0.1,内网IP,Chrome 13,Linux,0,登录成功,2025-06-25 08:24:18
258,admin,127.0.0.1,内网IP,Chrome 13,Linux,0,退出成功,2025-06-25 08:35:38
259,admin,127.0.0.1,内网IP,Chrome 13,Linux,0,登录成功,2025-06-25 08:35:42
260,admin,127.0.0.1,内网IP,Chrome 13,Linux,0,登录成功,2025-06-25 10:46:11
261,admin,127.0.0.1,内网IP,Chrome 13,Linux,0,登录成功,2025-06-26 01:20:38
262,admin,127.0.0.1,内网IP,Chrome 13,Linux,0,退出成功,2025-06-26 01:28:38
263,admin,127.0.0.1,内网IP,Chrome 13,Linux,0,登录成功,2025-06-26 01:28:41
264,admin,127.0.0.1,内网IP,Chrome 13,Linux,0,登录成功,2025-06-26 02:20:13
265,admin,127.0.0.1,内网IP,Chrome 13,Linux,0,退出成功,2025-06-26 02:52:54
266,admin,127.0.0.1,内网IP,Chrome 13,Linux,0,登录成功,2025-06-26 02:52:59
267,admin,127.0.0.1,内网IP,Chrome 13,Linux,0,登录成功,2025-06-26 03:06:01
268,admin,127.0.0.1,内网IP,Chrome 13,Linux,1,验证码错误,2025-06-26 03:12:10
269,admin,127.0.0.1,内网IP,Chrome 13,Linux,0,登录成功,2025-06-26 03:12:15
270,admin,127.0.0.1,内网IP,Chrome 13,Linux,0,退出成功,2025-06-26 03:19:04
271,admin,127.0.0.1,内网IP,Chrome 13,Linux,0,登录成功,2025-06-26 03:19:09
272,admin,127.0.0.1,内网IP,Chrome 13,Linux,0,退出成功,2025-06-26 03:22:29
273,admin,127.0.0.1,内网IP,Chrome 13,Linux,0,登录成功,2025-06-26 03:22:34
274,admin,127.0.0.1,内网IP,Chrome 13,Linux,0,退出成功,2025-06-26 03:32:24
275,admin,127.0.0.1,内网IP,Chrome 13,Linux,0,登录成功,2025-06-26 03:32:29
276,admin,127.0.0.1,内网IP,Chrome 13,Linux,0,登录成功,2025-06-26 05:19:21
277,admin,127.0.0.1,内网IP,Chrome 13,Linux,0,退出成功,2025-06-26 05:23:20
278,admin,127.0.0.1,内网IP,Chrome 13,Linux,0,登录成功,2025-06-26 05:23:34
279,admin,127.0.0.1,内网IP,Chrome 13,Linux,0,登录成功,2025-06-26 05:29:33
280,admin,127.0.0.1,内网IP,Chrome 13,Linux,0,退出成功,2025-06-26 05:44:46
281,admin,127.0.0.1,内网IP,Chrome 13,Linux,1,验证码错误,2025-06-26 05:50:28
282,admin,127.0.0.1,内网IP,Chrome 13,Linux,0,登录成功,2025-06-26 05:50:33
283,admin,127.0.0.1,内网IP,Chrome 13,Linux,0,退出成功,2025-06-26 05:57:13
284,admin,127.0.0.1,内网IP,Chrome 13,Linux,0,登录成功,2025-06-26 05:57:17
285,admin,127.0.0.1,内网IP,Chrome 13,Linux,0,退出成功,2025-06-26 06:06:07
286,admin,127.0.0.1,内网IP,Chrome 13,Linux,0,登录成功,2025-06-26 06:06:11
287,admin,127.0.0.1,内网IP,Chrome 13,Linux,0,登录成功,2025-06-26 06:51:32
288,admin,127.0.0.1,内网IP,Chrome 13,Linux,0,登录成功,2025-06-26 06:59:11
289,admin,127.0.0.1,内网IP,Chrome 13,Linux,0,退出成功,2025-06-26 07:11:15
290,admin,127.0.0.1,内网IP,Chrome 13,Linux,0,登录成功,2025-06-26 07:11:20
291,admin,127.0.0.1,内网IP,Chrome 13,Linux,0,退出成功,2025-06-26 07:15:46
292,admin,127.0.0.1,内网IP,Chrome 13,Linux,0,登录成功,2025-06-26 07:15:51
293,admin,127.0.0.1,内网IP,Chrome 13,Linux,0,登录成功,2025-06-26 07:20:12
294,admin,127.0.0.1,内网IP,Chrome 13,Linux,0,登录成功,2025-06-26 07:24:03
295,admin,127.0.0.1,内网IP,Chrome 13,Linux,0,退出成功,2025-06-26 07:29:25
296,admin,127.0.0.1,内网IP,Chrome 13,Linux,0,登录成功,2025-06-26 07:29:29
297,admin,127.0.0.1,内网IP,Chrome 13,Linux,0,退出成功,2025-06-26 07:33:10
298,admin,127.0.0.1,内网IP,Chrome 13,Linux,0,登录成功,2025-06-26 07:33:13
299,admin,127.0.0.1,内网IP,Chrome 13,Linux,1,验证码错误,2025-06-26 07:50:20
300,admin,127.0.0.1,内网IP,Chrome 13,Linux,0,登录成功,2025-06-26 07:50:29
301,admin,127.0.0.1,内网IP,Chrome 13,Linux,0,退出成功,2025-06-26 07:56:10
302,admin,127.0.0.1,内网IP,Chrome 13,Linux,0,登录成功,2025-06-26 07:56:14
303,admin,127.0.0.1,内网IP,Chrome 13,Linux,0,退出成功,2025-06-26 08:07:09
304,admin,127.0.0.1,内网IP,Chrome 13,Linux,0,登录成功,2025-06-26 08:07:16
305,admin,127.0.0.1,内网IP,Chrome 13,Linux,0,退出成功,2025-06-26 08:23:21
306,admin,127.0.0.1,内网IP,Chrome 13,Linux,1,验证码已失效,2025-06-26 08:25:31
307,admin,127.0.0.1,内网IP,Chrome 13,Linux,0,登录成功,2025-06-26 08:25:38
308,admin,127.0.0.1,内网IP,Chrome 13,Linux,0,退出成功,2025-06-26 08:29:45
309,admin,127.0.0.1,内网IP,Chrome 13,Linux,0,登录成功,2025-06-26 08:29:50
310,admin,127.0.0.1,内网IP,Chrome 13,Linux,0,退出成功,2025-06-26 08:40:41
311,admin,127.0.0.1,内网IP,Chrome 13,Linux,0,登录成功,2025-06-26 08:40:45
312,admin,127.0.0.1,内网IP,Chrome 13,Linux,0,登录成功,2025-06-26 08:47:22
313,admin,127.0.0.1,内网IP,Chrome 13,Linux,0,退出成功,2025-06-26 09:00:10
314,admin,127.0.0.1,内网IP,Chrome 13,Linux,0,登录成功,2025-06-26 09:00:15
315,admin,127.0.0.1,内网IP,Chrome 13,Linux,0,退出成功,2025-06-26 09:04:46
316,admin,127.0.0.1,内网IP,Chrome 13,Linux,0,登录成功,2025-06-26 09:04:50
317,admin,127.0.0.1,内网IP,Chrome 13,Linux,0,退出成功,2025-06-26 09:11:27
318,admin,127.0.0.1,内网IP,Chrome 13,Linux,0,登录成功,2025-06-26 09:11:31
319,admin,127.0.0.1,内网IP,Chrome 13,Linux,0,登录成功,2025-06-26 10:38:27
320,admin,127.0.0.1,内网IP,Chrome 13,Linux,0,退出成功,2025-06-26 10:57:45
321,admin,127.0.0.1,内网IP,Chrome 13,Linux,0,登录成功,2025-06-26 10:57:48
322,admin,127.0.0.1,内网IP,Chrome 13,Linux,0,登录成功,2025-06-27 01:13:40
323,admin,127.0.0.1,内网IP,Chrome 13,Linux,0,登录成功,2025-06-27 02:32:43
324,admin,127.0.0.1,内网IP,Chrome 13,Linux,0,退出成功,2025-06-27 02:36:02
325,admin,127.0.0.1,内网IP,Chrome 13,Linux,0,登录成功,2025-06-27 02:36:13
326,admin,127.0.0.1,内网IP,Chrome 13,Linux,0,登录成功,2025-06-27 03:19:42
327,admin,127.0.0.1,内网IP,Chrome 13,Linux,0,登录成功,2025-06-27 03:28:30
328,admin,127.0.0.1,内网IP,Chrome 13,Linux,0,退出成功,2025-06-27 03:37:17
329,admin,127.0.0.1,内网IP,Chrome 13,Linux,0,登录成功,2025-06-27 03:37:22
330,admin,127.0.0.1,内网IP,Chrome 13,Linux,0,登录成功,2025-06-27 06:51:54
331,admin,127.0.0.1,内网IP,Chrome 13,Linux,0,登录成功,2025-06-27 07:31:07
332,admin,127.0.0.1,内网IP,Chrome 13,Linux,0,登录成功,2025-06-27 09:23:59
333,admin,127.0.0.1,内网IP,Chrome 13,Linux,0,退出成功,2025-06-27 09:26:42
334,admin,127.0.0.1,内网IP,Chrome 13,Linux,0,登录成功,2025-06-27 09:26:47
335,admin,127.0.0.1,内网IP,Chrome 13,Linux,0,登录成功,2025-06-27 10:23:31
336,admin,127.0.0.1,内网IP,Firefox 13,Ubuntu,0,登录成功,2025-07-02 02:44:56
337,admin,127.0.0.1,内网IP,Chrome 13,Linux,0,登录成功,2025-07-02 03:07:11
338,admin,127.0.0.1,内网IP,Chrome 13,Linux,0,登录成功,2025-07-02 08:13:27
339,admin,127.0.0.1,内网IP,Chrome 13,Linux,0,登录成功,2025-07-02 10:53:10
340,admin,127.0.0.1,内网IP,Chrome 13,Linux,0,登录成功,2025-07-02 14:23:40
341,admin,127.0.0.1,内网IP,Chrome 13,Linux,0,登录成功,2025-07-03 01:08:56
342,admin,127.0.0.1,内网IP,Chrome 13,Linux,0,登录成功,2025-07-03 02:55:11
343,admin,127.0.0.1,内网IP,Chrome 13,Linux,0,登录成功,2025-07-03 05:37:33
344,admin,127.0.0.1,内网IP,Chrome 13,Linux,0,登录成功,2025-07-03 08:15:13
345,admin,127.0.0.1,内网IP,Chrome 13,Linux,0,登录成功,2025-07-03 12:22:58
346,admin,127.0.0.1,内网IP,Chrome 13,Linux,0,登录成功,2025-07-04 01:37:52
347,admin,127.0.0.1,内网IP,Chrome 13,Linux,0,登录成功,2025-07-04 06:17:47
348,admin,127.0.0.1,内网IP,Chrome 13,Linux,0,登录成功,2025-07-04 06:49:00
349,admin,127.0.0.1,内网IP,Chrome 13,Linux,0,登录成功,2025-07-04 06:58:02
350,admin,127.0.0.1,内网IP,Chrome 13,Linux,0,登录成功,2025-07-04 07:05:35
351,admin,127.0.0.1,内网IP,Chrome 13,Linux,0,登录成功,2025-07-04 08:02:15
352,admin,127.0.0.1,内网IP,Chrome 13,Linux,0,退出成功,2025-07-04 10:03:26
353,admin,127.0.0.1,内网IP,Chrome 13,Linux,0,登录成功,2025-07-04 10:04:03
354,admin,127.0.0.1,内网IP,Chrome 13,Linux,0,登录成功,2025-07-04 10:50:44
355,admin,127.0.0.1,内网IP,Firefox 13,Ubuntu,0,登录成功,2025-07-04 11:31:27
356,admin,127.0.0.1,内网IP,Chrome 13,Linux,0,登录成功,2025-07-04 12:49:38
357,admin,127.0.0.1,内网IP,Firefox 13,Ubuntu,0,登录成功,2025-07-04 12:57:36
358,admin,127.0.0.1,内网IP,Chrome 13,Linux,0,登录成功,2025-07-05 01:55:43
359,admin,127.0.0.1,内网IP,Chrome 13,Linux,0,登录成功,2025-07-05 09:15:32
360,admin,127.0.0.1,内网IP,Chrome 13,Linux,1,验证码错误,2025-07-05 09:32:31
361,admin,127.0.0.1,内网IP,Chrome 13,Linux,0,登录成功,2025-07-05 09:32:36
362,admin,127.0.0.1,内网IP,Chrome 13,Linux,0,登录成功,2025-07-05 10:02:49
363,admin,127.0.0.1,内网IP,Chrome 13,Linux,0,登录成功,2025-07-05 10:11:55
364,admin,127.0.0.1,内网IP,Chrome 13,Linux,0,登录成功,2025-07-05 10:25:36
365,admin,127.0.0.1,内网IP,Chrome 13,Linux,0,登录成功,2025-07-05 10:42:55
366,admin,127.0.0.1,内网IP,Chrome 13,Linux,0,登录成功,2025-07-05 10:45:49
367,admin,127.0.0.1,内网IP,Chrome 13,Linux,0,登录成功,2025-07-05 12:10:53
368,admin,127.0.0.1,内网IP,Chrome 13,Linux,0,登录成功,2025-07-05 12:55:54
369,admin,127.0.0.1,内网IP,Chrome 13,Linux,0,登录成功,2025-07-06 11:08:57
370,admin,127.0.0.1,内网IP,Chrome 13,Linux,0,登录成功,2025-07-06 11:17:02
371,admin,127.0.0.1,内网IP,Chrome 13,Linux,0,登录成功,2025-07-06 11:37:58
372,admin,127.0.0.1,内网IP,Chrome 13,Linux,0,登录成功,2025-07-06 11:40:51
373,admin,127.0.0.1,内网IP,Chrome 13,Linux,1,验证码错误,2025-07-06 12:00:21
374,admin,127.0.0.1,内网IP,Chrome 13,Linux,0,登录成功,2025-07-06 12:00:26
375,admin,127.0.0.1,内网IP,Chrome 13,Linux,0,登录成功,2025-07-06 14:15:01
376,admin,127.0.0.1,内网IP,Chrome 13,Linux,0,登录成功,2025-07-06 14:19:33
377,admin,127.0.0.1,内网IP,Chrome 13,Linux,0,登录成功,2025-07-06 14:21:06
378,admin,127.0.0.1,内网IP,Chrome 13,Linux,0,登录成功,2025-07-06 15:20:13
379,admin,127.0.0.1,内网IP,Chrome 13,Linux,0,登录成功,2025-07-06 15:22:21
380,admin,127.0.0.1,内网IP,Chrome 13,Linux,0,登录成功,2025-07-06 17:09:11
381,admin,127.0.0.1,内网IP,Chrome 13,Linux,0,登录成功,2025-07-06 17:12:01
382,admin,127.0.0.1,内网IP,Chrome 13,Linux,0,登录成功,2025-07-06 17:42:23
383,admin,127.0.0.1,内网IP,Chrome 13,Linux,0,登录成功,2025-07-06 17:52:38
384,admin,127.0.0.1,内网IP,Chrome 13,Linux,0,登录成功,2025-07-07 01:44:33
385,admin,127.0.0.1,内网IP,Chrome 13,Linux,0,登录成功,2025-07-07 02:19:36
386,admin,127.0.0.1,内网IP,Chrome 13,Linux,0,登录成功,2025-07-07 02:22:57
387,admin,127.0.0.1,内网IP,Chrome 13,Linux,0,登录成功,2025-07-07 03:22:53
388,admin,127.0.0.1,内网IP,Chrome 13,Linux,0,登录成功,2025-07-07 06:19:31
389,admin,127.0.0.1,内网IP,Chrome 13,Linux,0,登录成功,2025-07-07 06:27:51
390,admin,127.0.0.1,内网IP,Chrome 13,Linux,0,登录成功,2025-07-07 06:58:03
391,admin,127.0.0.1,内网IP,Chrome 13,Linux,0,登录成功,2025-07-07 07:32:45
392,admin,127.0.0.1,内网IP,Chrome 13,Linux,0,登录成功,2025-07-07 10:39:07
393,admin,127.0.0.1,内网IP,Chrome 13,Linux,0,登录成功,2025-07-08 02:35:49
394,admin,127.0.0.1,内网IP,Chrome 13,Linux,0,登录成功,2025-07-08 07:25:40
395,admin,127.0.0.1,内网IP,Chrome 13,Linux,0,登录成功,2025-07-08 09:30:20
396,admin,127.0.0.1,内网IP,Chrome 13,Linux,0,登录成功,2025-07-08 10:36:50
397,admin,127.0.0.1,内网IP,Chrome 13,Linux,0,登录成功,2025-07-08 11:32:25
398,admin,127.0.0.1,内网IP,Chrome 13,Linux,0,登录成功,2025-07-09 01:13:57
399,admin,127.0.0.1,内网IP,Chrome 13,Mac OS X,0,登录成功,2025-07-09 01:14:05
400,admin,127.0.0.1,内网IP,Chrome 13,Linux,0,登录成功,2025-07-09 01:18:48
401,admin,127.0.0.1,内网IP,Chrome 13,Linux,0,登录成功,2025-07-09 02:51:58
402,admin,127.0.0.1,内网IP,Chrome 13,Mac OS X,0,登录成功,2025-07-09 03:06:59
403,admin,127.0.0.1,内网IP,Chrome 13,Linux,0,登录成功,2025-07-09 03:26:13
404,admin,127.0.0.1,内网IP,Chrome 13,Mac OS X,0,登录成功,2025-07-09 03:27:03
405,admin,127.0.0.1,内网IP,Chrome 13,Mac OS X,0,登录成功,2025-07-09 05:19:36
406,admin,127.0.0.1,内网IP,Chrome 13,Linux,0,登录成功,2025-07-09 05:32:35
407,admin,127.0.0.1,内网IP,Chrome 13,Linux,1,验证码错误,2025-07-09 06:54:35
408,admin,127.0.0.1,内网IP,Chrome 13,Linux,0,登录成功,2025-07-09 06:54:39
409,admin,127.0.0.1,内网IP,Chrome 13,Mac OS X,1,验证码已失效,2025-07-09 08:52:10
410,admin,127.0.0.1,内网IP,Chrome 13,Mac OS X,0,登录成功,2025-07-09 08:52:16
411,admin,127.0.0.1,内网IP,Chrome 13,Linux,0,登录成功,2025-07-09 09:26:44
412,admin,127.0.0.1,内网IP,Chrome 13,Linux,0,登录成功,2025-07-09 11:02:21
413,admin,127.0.0.1,内网IP,Chrome 13,Linux,0,登录成功,2025-07-10 01:30:11
414,admin,127.0.0.1,内网IP,Chrome 13,Mac OS X,1,验证码已失效,2025-07-10 03:08:58
415,admin,127.0.0.1,内网IP,Chrome 13,Mac OS X,0,登录成功,2025-07-10 03:09:03
416,admin,127.0.0.1,内网IP,Chrome 13,Mac OS X,0,登录成功,2025-07-10 03:14:02
417,admin,127.0.0.1,内网IP,Chrome 13,Linux,0,登录成功,2025-07-10 04:15:46
418,admin,127.0.0.1,内网IP,Chrome 13,Mac OS X,0,登录成功,2025-07-10 05:05:36
419,admin,127.0.0.1,内网IP,Chrome 13,Linux,0,登录成功,2025-07-10 05:16:25
420,admin,127.0.0.1,内网IP,Chrome 13,Linux,0,退出成功,2025-07-10 05:29:16
421,admin,127.0.0.1,内网IP,Chrome 13,Linux,0,登录成功,2025-07-10 05:36:26
422,admin,127.0.0.1,内网IP,Chrome 13,Mac OS X,0,登录成功,2025-07-10 06:15:48
423,admin,127.0.0.1,内网IP,Chrome 13,Mac OS X,0,登录成功,2025-07-10 06:27:42
424,admin,127.0.0.1,内网IP,Chrome 13,Linux,0,登录成功,2025-07-10 10:13:58
425,admin,127.0.0.1,内网IP,Firefox 13,Ubuntu,0,登录成功,2025-07-10 13:44:11
426,admin,127.0.0.1,内网IP,Chrome 13,Linux,1,验证码已失效,2025-07-11 01:18:40
427,admin,127.0.0.1,内网IP,Chrome 13,Linux,0,登录成功,2025-07-11 01:18:44
428,admin,127.0.0.1,内网IP,Chrome 13,Linux,0,登录成功,2025-07-11 05:13:29
429,admin,127.0.0.1,内网IP,Firefox 13,Ubuntu,0,登录成功,2025-07-11 06:17:38
430,admin,127.0.0.1,内网IP,Chrome 13,Linux,0,登录成功,2025-07-11 08:04:36
431,admin,127.0.0.1,内网IP,Chrome 13,Linux,0,登录成功,2025-07-11 10:37:44
432,admin,127.0.0.1,内网IP,Chrome 13,Linux,0,登录成功,2025-07-12 01:38:46
433,admin,127.0.0.1,内网IP,Chrome 13,Linux,0,登录成功,2025-07-12 04:17:39
434,admin,127.0.0.1,内网IP,Chrome 13,Linux,0,登录成功,2025-07-12 09:42:08
435,admin,127.0.0.1,内网IP,Chrome 13,Linux,0,登录成功,2025-07-12 11:13:36
436,admin,127.0.0.1,内网IP,Chrome 13,Linux,0,登录成功,2025-07-13 01:41:07
437,admin,127.0.0.1,内网IP,Chrome 13,Linux,0,登录成功,2025-07-13 04:45:31
438,admin,127.0.0.1,内网IP,Chrome 13,Linux,0,登录成功,2025-07-13 05:48:00
439,admin,127.0.0.1,内网IP,Chrome 13,Linux,0,登录成功,2025-07-13 10:17:11
440,admin,127.0.0.1,内网IP,Chrome 13,Linux,0,登录成功,2025-07-13 11:44:06
441,admin,127.0.0.1,内网IP,Chrome 13,Linux,0,登录成功,2025-07-14 01:23:29
442,admin,127.0.0.1,内网IP,Chrome 13,Linux,0,登录成功,2025-07-14 02:41:23
443,admin,127.0.0.1,内网IP,Chrome 13,Linux,0,登录成功,2025-07-14 04:43:45
444,admin,127.0.0.1,内网IP,Chrome 13,Linux,0,登录成功,2025-07-14 05:24:31
445,admin,127.0.0.1,内网IP,Firefox 13,Ubuntu,0,登录成功,2025-07-14 06:35:38
446,admin,127.0.0.1,内网IP,Chrome 13,Linux,0,登录成功,2025-07-14 08:07:55
447,admin,127.0.0.1,内网IP,Chrome 13,Mac OS X,0,登录成功,2025-07-14 08:40:47
448,admin,127.0.0.1,内网IP,Chrome 13,Linux,0,登录成功,2025-07-14 10:41:17
449,admin,127.0.0.1,内网IP,Chrome 13,Linux,0,登录成功,2025-07-14 13:36:17
450,admin,127.0.0.1,内网IP,Chrome 13,Linux,0,登录成功,2025-07-14 13:59:56
451,admin,127.0.0.1,内网IP,Chrome 13,Mac OS X,1,验证码已失效,2025-07-15 02:34:35
452,admin,127.0.0.1,内网IP,Chrome 13,Mac OS X,1,验证码错误,2025-07-15 02:34:36
453,admin,127.0.0.1,内网IP,Chrome 13,Mac OS X,0,登录成功,2025-07-15 02:34:42
454,admin,127.0.0.1,内网IP,Chrome 13,Mac OS X,0,登录成功,2025-07-15 03:07:42
455,admin,127.0.0.1,内网IP,Chrome 13,Windows 10,0,登录成功,2025-07-15 03:39:52
456,admin,127.0.0.1,内网IP,Chrome 13,Windows 10,0,登录成功,2025-07-15 04:36:31
457,admin,127.0.0.1,内网IP,Chrome 13,Windows 10,1,验证码已失效,2025-07-15 05:52:06
458,admin,127.0.0.1,内网IP,Chrome 13,Windows 10,1,验证码错误,2025-07-15 05:52:07
459,admin,127.0.0.1,内网IP,Chrome 13,Windows 10,0,登录成功,2025-07-15 05:52:10
460,admin,127.0.0.1,内网IP,Chrome 13,Windows 10,0,登录成功,2025-07-15 06:34:21
461,admin,127.0.0.1,内网IP,Chrome 13,Windows 10,0,登录成功,2025-07-15 07:46:18
462,admin,127.0.0.1,内网IP,Chrome 13,Windows 10,0,登录成功,2025-07-15 08:23:59
463,admin,127.0.0.1,内网IP,Chrome 13,Mac OS X,0,登录成功,2025-07-15 09:25:30
464,admin,127.0.0.1,内网IP,Chrome 13,Windows 10,0,登录成功,2025-07-15 09:27:47
465,admin,127.0.0.1,内网IP,Chrome 13,Windows 10,1,验证码已失效,2025-07-16 04:09:06
466,admin,127.0.0.1,内网IP,Chrome 13,Windows 10,0,登录成功,2025-07-16 04:09:09
467,admin,127.0.0.1,内网IP,Chrome 13,Windows 10,0,登录成功,2025-07-16 05:29:23
468,admin,127.0.0.1,内网IP,Chrome 13,Linux,0,登录成功,2025-07-16 06:14:27
469,admin,127.0.0.1,内网IP,Chrome 13,Mac OS X,0,登录成功,2025-07-16 07:51:25
470,admin,127.0.0.1,内网IP,Chrome 13,Linux,1,验证码已失效,2025-07-16 08:13:21
471,admin,127.0.0.1,内网IP,Chrome 13,Linux,0,登录成功,2025-07-16 08:13:25
472,admin,127.0.0.1,内网IP,Chrome 13,Linux,0,登录成功,2025-07-16 09:21:51
473,admin,127.0.0.1,内网IP,Chrome 13,Windows 10,0,登录成功,2025-07-17 02:40:47
474,admin,127.0.0.1,内网IP,Chrome 13,Windows 10,0,登录成功,2025-07-17 04:25:00
475,admin,127.0.0.1,内网IP,Chrome 13,Mac OS X,0,登录成功,2025-07-17 05:39:11
476,admin,127.0.0.1,内网IP,Chrome 13,Linux,0,登录成功,2025-07-17 05:44:19
477,admin,127.0.0.1,内网IP,Chrome 13,Linux,0,登录成功,2025-07-17 06:25:22
478,admin,127.0.0.1,内网IP,Chrome 13,Windows 10,1,验证码已失效,2025-07-17 08:49:58
479,admin,127.0.0.1,内网IP,Chrome 13,Windows 10,0,登录成功,2025-07-17 08:50:02
480,admin,127.0.0.1,内网IP,Chrome 13,Linux,0,登录成功,2025-07-17 12:00:04
481,admin,127.0.0.1,内网IP,Chrome 13,Linux,0,登录成功,2025-07-18 01:19:39
482,admin,127.0.0.1,内网IP,Chrome 13,Windows 10,0,登录成功,2025-07-18 01:32:03
483,admin,127.0.0.1,内网IP,Chrome 13,Mac OS X,0,登录成功,2025-07-18 01:37:39
484,admin,127.0.0.1,内网IP,Chrome 13,Linux,0,登录成功,2025-07-18 03:29:36
485,admin,127.0.0.1,内网IP,Chrome 13,Linux,0,登录成功,2025-07-18 05:01:34
486,admin,127.0.0.1,内网IP,Chrome 13,Windows 10,1,验证码已失效,2025-07-18 05:10:52
487,admin,127.0.0.1,内网IP,Chrome 13,Windows 10,0,登录成功,2025-07-18 05:10:57
488,admin,127.0.0.1,内网IP,Chrome 13,Linux,0,登录成功,2025-07-18 05:23:04
489,admin,127.0.0.1,内网IP,Chrome 13,Linux,0,登录成功,2025-07-18 05:50:55
490,admin,127.0.0.1,内网IP,Chrome 13,Windows 10,0,登录成功,2025-07-18 07:22:25
491,admin,127.0.0.1,内网IP,Chrome 13,Windows 10,0,登录成功,2025-07-18 08:07:21
492,admin,127.0.0.1,内网IP,Chrome 13,Linux,0,登录成功,2025-07-18 08:08:48
493,admin,127.0.0.1,内网IP,Chrome 13,Windows 10,0,登录成功,2025-07-18 08:10:11
494,admin,127.0.0.1,内网IP,Chrome 13,Windows 10,0,登录成功,2025-07-18 08:18:11
495,admin,127.0.0.1,内网IP,Chrome 13,Linux,0,登录成功,2025-07-18 10:38:47
496,admin,127.0.0.1,内网IP,Chrome 13,Linux,0,登录成功,2025-07-19 01:18:30
497,admin,127.0.0.1,内网IP,Chrome 13,Linux,0,登录成功,2025-07-19 04:11:49
498,admin,127.0.0.1,内网IP,Chrome 13,Linux,0,登录成功,2025-07-19 06:53:22
499,admin,127.0.0.1,内网IP,Chrome 13,Linux,1,验证码错误,2025-07-19 10:12:17
500,admin,127.0.0.1,内网IP,Chrome 13,Linux,0,登录成功,2025-07-19 10:12:20
501,admin,127.0.0.1,内网IP,Chrome 13,Linux,0,退出成功,2025-07-19 10:38:45
502,admin,127.0.0.1,内网IP,Chrome 13,Linux,0,登录成功,2025-07-19 10:38:48
503,admin,127.0.0.1,内网IP,Chrome 13,Linux,0,登录成功,2025-07-19 13:01:11
504,admin,127.0.0.1,内网IP,Chrome 13,Linux,0,登录成功,2025-07-19 15:12:24
505,admin,127.0.0.1,内网IP,Chrome 13,Linux,0,登录成功,2025-07-20 01:20:16
506,admin,127.0.0.1,内网IP,Chrome 13,Linux,0,退出成功,2025-07-20 01:53:06
507,admin,127.0.0.1,内网IP,Chrome 13,Linux,0,登录成功,2025-07-20 01:53:49
508,admin,127.0.0.1,内网IP,Chrome 13,Linux,0,登录成功,2025-07-20 04:18:50
509,admin,127.0.0.1,内网IP,Chrome 13,Windows 10,0,登录成功,2025-07-20 10:31:38
510,admin,127.0.0.1,内网IP,Chrome 13,Linux,1,验证码已失效,2025-07-20 10:37:20
511,admin,127.0.0.1,内网IP,Chrome 13,Linux,0,登录成功,2025-07-20 10:37:36
512,admin,127.0.0.1,内网IP,Chrome 13,Linux,0,登录成功,2025-07-20 13:13:14
513,admin,127.0.0.1,内网IP,Chrome 13,Linux,0,登录成功,2025-07-20 14:55:44
514,admin,127.0.0.1,内网IP,Chrome 13,Linux,0,登录成功,2025-07-21 01:21:34
515,admin,127.0.0.1,内网IP,Chrome 13,Windows 10,0,登录成功,2025-07-21 01:29:09
516,admin,127.0.0.1,内网IP,Chrome 13,Windows 10,0,登录成功,2025-07-21 02:12:43
517,admin,127.0.0.1,内网IP,Chrome 13,Linux,0,登录成功,2025-07-21 02:33:35
518,admin,127.0.0.1,内网IP,Chrome 13,Linux,0,登录成功,2025-07-21 08:59:46
519,admin,127.0.0.1,内网IP,Chrome 13,Linux,0,登录成功,2025-07-21 09:07:28
520,admin,127.0.0.1,内网IP,Firefox 13,Ubuntu,0,登录成功,2025-07-21 09:10:14
521,admin,127.0.0.1,内网IP,Chrome 13,Linux,0,登录成功,2025-07-21 09:13:11
522,admin,127.0.0.1,内网IP,Chrome 13,Linux,0,登录成功,2025-07-21 10:11:53
523,admin,127.0.0.1,内网IP,Chrome 13,Linux,0,登录成功,2025-07-21 11:18:18
524,admin,127.0.0.1,内网IP,Chrome 13,Linux,0,登录成功,2025-07-21 12:18:04
525,admin,127.0.0.1,内网IP,Chrome 13,Windows 10,0,登录成功,2025-07-22 01:41:15
526,admin,127.0.0.1,内网IP,Chrome 13,Linux,0,登录成功,2025-07-22 01:56:57
527,admin,127.0.0.1,内网IP,Chrome 13,Linux,0,登录成功,2025-07-22 03:00:54
528,admin,127.0.0.1,内网IP,Chrome 13,Windows 10,0,登录成功,2025-07-22 03:07:00
529,admin,127.0.0.1,内网IP,Chrome 13,Mac OS X,0,登录成功,2025-07-22 03:11:21
530,admin,127.0.0.1,内网IP,Chrome 13,Linux,0,登录成功,2025-07-22 03:42:56
531,admin,127.0.0.1,内网IP,Chrome 13,Linux,0,登录成功,2025-07-22 04:50:04
532,admin,127.0.0.1,内网IP,Chrome 13,Linux,0,登录成功,2025-07-22 05:33:27
533,admin,127.0.0.1,内网IP,Chrome 13,Mac OS X,0,登录成功,2025-07-22 05:36:32
534,admin,127.0.0.1,内网IP,Chrome 13,Linux,0,登录成功,2025-07-22 07:03:43
535,admin,127.0.0.1,内网IP,Chrome 13,Windows 10,0,登录成功,2025-07-22 07:23:17
536,admin,127.0.0.1,内网IP,Chrome 13,Windows 10,0,登录成功,2025-07-22 07:27:45
537,admin,127.0.0.1,内网IP,Chrome 13,Mac OS X,1,验证码已失效,2025-07-22 08:03:52
538,admin,127.0.0.1,内网IP,Chrome 13,Mac OS X,0,登录成功,2025-07-22 08:03:56
539,admin,127.0.0.1,内网IP,Chrome 13,Linux,0,登录成功,2025-07-22 08:31:28
540,admin,127.0.0.1,内网IP,Chrome 13,Windows 10,1,验证码已失效,2025-07-22 09:02:12
541,admin,127.0.0.1,内网IP,Chrome 13,Windows 10,0,登录成功,2025-07-22 09:02:15
542,admin,127.0.0.1,内网IP,Chrome 13,Windows 10,0,登录成功,2025-07-22 09:37:19
543,admin,127.0.0.1,内网IP,Chrome 13,Linux,0,登录成功,2025-07-22 09:43:52
